Person for income tax	A statutory category broader than human individuals	Under the 1961 Act, a company can be a person for tax purposes even though it is not a natural human individual.	Under the 1961 Act, only natural human individuals can be persons for income-tax purposes.
Assessee	A person within the statutory scope of tax assessment or payment obligations	The statutory assessee concept extends beyond simply identifying someone who earned a salary.	Only a salaried employee can ever be an assessee.
Previous year under the 1961 Act	The income-earning period generally preceding its assessment year	Income earned during FY 2024-25 is ordinarily assessed in AY 2025-26 under the 1961 Act.	Income earned during FY 2024-25 is ordinarily assigned to AY 2024-25 under the 1961 Act.
Assessment year under the 1961 Act	The statutory period associated with assessing the preceding income year	AY 2025-26 generally follows the income period FY 2024-25, subject to special assessment provisions.	Assessment year and previous year under the 1961 Act always denote the same period.
Tax year under the 2025 Act	The income period terminology applying from the new Act's commencement	Income earned from 1 April 2026 is governed by the 2025 Act's tax-year framework rather than by simply continuing old section numbers unchanged.	The 2025 Act requires every old section number to remain identical after commencement.
Transition between income-tax Acts	The applicable law depends on the income period and transition provisions	The return for FY 2025-26, AY 2026-27, remains governed by the 1961 Act even when filed after 1 April 2026.	Every return filed after 1 April 2026 is automatically governed by the 2025 Act regardless of its income period.
Residential status	Tax residence determined under statutory tests for a relevant period	Tax residence is not determined solely by citizenship; a citizen can be non-resident under the relevant tests.	Indian citizenship alone automatically makes a person tax-resident for every year.
Basic individual residence test	Residence determined through specified stay conditions with exceptions	For an individual to whom the ordinary tests apply, a stay of at least 182 days in the relevant previous year satisfies one basic residence test under the 1961 Act.	For that ordinary test, a stay of 182 days can never establish residence without an additional 365-day prior-period condition.
Alternative ordinary residence test	The basic combination of current-year and preceding-year stay where applicable	For an individual to whom the ordinary 60-day test applies, 70 days in the current year plus 400 days in the preceding four years satisfies the 60-plus-365 basic test.	Those ordinary-test stays fail the basic test merely because current-year stay is below 182 days.
Resident ordinarily resident	A residence category whose normal scope includes worldwide income	For an ordinarily resident person, foreign-source income can be within Indian tax scope even without remittance to India, subject to applicable relief and exclusions.	An ordinarily resident person's foreign-source income is automatically outside Indian tax scope until remitted.
Resident not ordinarily resident	A residence category with a qualified scope for certain foreign income	RNOR scope differs from both ROR and NR; relevant foreign income connected with a business controlled in India can matter under the statutory rule.	RNOR and ROR always have identical worldwide-income scope without any qualification.
Non-resident tax incidence	Tax scope linked to Indian receipt accrual and deemed accrual under applicable rules	A non-resident can be taxable on qualifying Indian-source income without being taxable in India on every unrelated foreign receipt.	Non-resident status automatically exempts every Indian-source receipt from income tax.
First receipt of income	The initial receipt distinguished from a later remittance of an already received amount	Remitting a previously received foreign amount to India does not by itself create a fresh first receipt of the same income.	Every remittance of already received income becomes a second taxable earning solely because the bank account changes.
Agricultural income	Qualifying income from agricultural activity or land under the statutory definition	Rent from qualifying agricultural land situated in India can fall within agricultural income under the statutory conditions.	Rent from every parcel of foreign land automatically qualifies as exempt Indian agricultural income.
Mixed agricultural-business income	Income divided under applicable rules where agricultural and business elements coexist	A mixed operation may require separating agricultural and business components rather than treating all processing income as agricultural.	Every industrial process using a farm product makes all its profit exempt agricultural income.
Partial integration	Using qualifying agricultural income in the specified rate computation for eligible persons	Agricultural income can affect the rate computation where partial-integration conditions apply even though it is not directly included as ordinary taxable income.	Exempt agricultural income can never affect any rate computation in any circumstances.
Exemption versus deduction	Exclusion of income distinguished from subtraction under a computation provision	An exemption and a GTI deduction operate at different points in computing total income.	Every exemption and every GTI deduction must be applied at exactly the same computation step.
Gross total income	Aggregate computed income before applicable Chapter VI-A deductions under the 1961 Act	Permitted set-off is considered in arriving at GTI before eligible Chapter VI-A deductions determine total income.	GTI is always computed by deducting all Chapter VI-A amounts before applying any loss set-off.
Total income	The taxable income figure after relevant statutory computation adjustments	If GTI is Rs 8 lakh and eligible deductions are Rs 1 lakh, total income is Rs 7 lakh, assuming no special restriction changes those figures.	Those stated figures imply total income Rs 9 lakh.
Salary income	Income based on an employer-employee relationship under the relevant charging rules	Fees from an independent client do not become salary merely because payments recur monthly.	Every monthly receipt is salary regardless of whether an employment relationship exists.
Salary accrual and receipt	Salary recognition under the applicable due-or-receipt rules without double taxation	An advance salary amount already taxed on receipt should not be taxed a second time solely when it later becomes due.	Advance salary must necessarily be taxed twice because receipt and due dates differ.
Perquisite	A benefit or amenity within the statutory employment-benefit rules	Non-cash employment benefits may have tax consequences even without an identical cash salary payment.	Only cash payments can ever enter employment-related taxable income.
Pension classification	Tax classification depends on whether the receipt is pension or family pension	Under the 1961 Act, pension received by the former employee is distinguished from family pension received by a beneficiary.	A beneficiary's family pension is always the beneficiary's own employment salary merely because the deceased person was employed.
House-property income	Tax computation linked to ownership and annual value of relevant buildings or land appurtenant	A tenant subletting a property is not automatically taxed as the owner under house property solely because rent is received.	Every rent receipt belongs to the house-property head regardless of ownership and the actual arrangement.
Net annual value	Gross annual value less qualifying municipal taxes under the applicable rule	With gross annual value Rs 3 lakh and qualifying owner-paid municipal taxes Rs 20,000, NAV is Rs 2.8 lakh.	Those figures give NAV Rs 3.2 lakh.
House-property standard deduction	The statutory thirty-percent deduction from NAV in the relevant historical computation	For the stated 1961-Act case with NAV Rs 2.8 lakh, a 30% standard deduction is Rs 84,000.	That 30% deduction equals the owner's actual repair bills regardless of NAV.
Business income	Taxable profits from business or profession after relevant adjustments	Commercial profit must be adjusted for tax disallowances and allowances rather than copied uncritically from accounting profit.	Accounting net profit always equals taxable business income without any tax adjustment.
Business expenditure deduction	Deductibility depends on purpose nature and applicable statutory limits	A proprietor's personal holiday cost is not deductible as ordinary business expense merely because paid from a business account.	A personal holiday becomes wholly business expenditure automatically when the business bank account pays it.
Depreciation for tax	A statutory allowance distinct from accounting depreciation	Tax depreciation and book depreciation can differ because their bases and prescribed computation rules differ.	Book depreciation must always equal tax depreciation in every business.
Block of assets	A tax grouping of assets sharing prescribed class and depreciation rate under the historical framework	A block computation can involve opening tax value additions and disposal proceeds rather than depreciation independently chosen for every asset.	A block computation ignores disposal proceeds in every possible case.
Capital gain	Taxable gain arising from qualifying transfer of a capital asset	A gain on transfer must be classified under the relevant asset and tax rules rather than automatically treated as salary.	Every gain from selling a capital asset is employment salary.
Capital asset versus stock in trade	Asset classification affecting the income head and computation	Shares held as trading inventory can give business income rather than automatically the same treatment as investment shares.	All share-sale profits necessarily belong to capital gains regardless of whether shares are trading inventory.
Capital-gain computation	Consideration less permitted costs and exemptions under applicable rules	With consideration Rs 5 lakh, allowed transfer expense Rs 20,000 and allowable cost Rs 3 lakh, the stated gain before exemption is Rs 1.8 lakh.	The same stated amounts give a gain of Rs 2.2 lakh.
Capital-gain exemption conditions	Relief depends on the particular provision and qualifying investment or other conditions	Reinvesting sale proceeds does not automatically exempt every gain without checking the applicable provision's conditions.	Any reinvestment of any sale proceeds automatically exempts every capital gain in full.
Income from other sources	A residual income head for taxable amounts not chargeable under another specified head	A taxable receipt is examined under its proper head before the residual head is used.	Every receipt may be assigned to other sources even when a specific charging head clearly applies.
Clubbing of income	Attributing specified income of another person under statutory anti-avoidance rules	A qualifying transfer to a spouse without adequate consideration can require attribution despite formal asset title in the spouse's name.	Changing asset title to a spouse always eliminates every possible attribution rule.
Minor-income clubbing	Attribution of specified minor income with statutory exceptions	Under the historical rules, income from a minor's own manual work or qualifying skill has a distinct exception from ordinary passive-income clubbing.	Every rupee earned by a minor from personal skill must always be clubbed without exception.
Income on transferred assets	Attribution distinguishes transferred-asset income from all later independent sources	Under the usual historical clubbing principle, income arising directly from a transferred asset is distinguished from income earned on reinvested accumulated income.	Once an asset is transferred, every later independent income of the transferee is automatically clubbed forever.
Set-off of losses	Adjustment of eligible losses against eligible income under statutory restrictions	An ordinary business loss cannot be set off against salary under the historical inter-head restriction.	An ordinary business loss can always be set off against salary without restriction.
Capital-loss restriction	Capital losses have specified eligible gain categories for set-off	Under the historical rules, long-term capital loss is set off against long-term capital gains rather than ordinary salary.	Long-term capital loss may always be set off against salary.
Speculation loss	A loss with special set-off and carry-forward restrictions	A speculation loss has a narrower set-off route than an ordinary non-speculation business loss under the historical rules.	Speculation loss automatically offsets every head of income without restriction.
Carry-forward conditions	Future loss relief depends on the type of loss and applicable filing rules	Timely filing requirements apply to specified carried-forward losses, with statutory distinctions for other allowances or losses.	Every loss and allowance has exactly the same filing and carry-forward conditions without exceptions.
Section 80C historical practice	A specified deduction group under the 1961 Act with limits and eligibility conditions	Eligibility under historical section 80C depends on the investment or payment and the applicable tax regime.	Every financial investment automatically qualifies for section 80C in every tax regime.
Deduction limit by GTI	Relevant deductions operate within statutory total-income constraints	A qualifying GTI deduction cannot generally create a negative total income merely because the eligible payment exceeds GTI.	A large Chapter VI-A payment automatically creates a carried-forward negative total income equal to the excess.
Tax planning	Arranging genuine affairs using permitted choices under applicable law	Comparing lawful lease and ownership alternatives is tax planning when the arrangements and deductions are genuine.	Tax planning requires hiding income or creating false invoices.
Tax evasion	Unlawful concealment or misstatement to avoid tax	Suppressing genuine taxable sales is distinguished from choosing an allowed statutory deduction.	Suppressing taxable sales is lawful tax planning whenever it improves cash flow.
Tax avoidance and anti-abuse rules	Arrangements assessed for compliance with law substance and applicable anti-avoidance provisions	A formally structured arrangement can still require anti-abuse analysis rather than being safe solely because documents exist.	Any documented arrangement is immune from every anti-avoidance rule.
Make-or-buy tax planning	Comparing relevant after-tax costs of internal production and external purchase	Using a stated deductible cost Rs 100 and tax rate 30%, after-tax cost is Rs 70 if the deduction is usable.	With those supplied assumptions, after-tax cost is Rs 130.
Own-or-lease tax planning	Comparing relevant after-tax cash flows for asset ownership and leasing	A lease comparison should consider timing and deductible payments, while ownership may involve depreciation and financing effects.	Lease-versus-own decisions need only compare the first month's cash payment.
Replacement tax planning	Evaluating an asset change using incremental after-tax cash flows	Disposal taxes or relief and new depreciation effects can matter in an asset-replacement decision.	Replacement analysis must ignore every tax consequence of disposal and future deductions.
Shut-down decision	Comparing future avoidable after-tax cash flows from continuing or closing	A fixed historical expenditure does not become relevant merely because the business is considering closure.	Closure analysis must include every historical sunk payment as a new avoidable cash outflow.
Double taxation	The same income facing taxation in more than one jurisdiction under relevant circumstances	Source and residence taxation can overlap, making treaty or domestic relief relevant.	Foreign taxation automatically removes the residence country's taxing rights in every case.
DTAA	A treaty allocating taxing rights and providing specified double-tax relief	Treaty relief depends on the applicable provisions and eligibility rather than an unconditional exemption for every overseas receipt.	Every DTAA automatically exempts all cross-border income from both countries' tax.
Foreign tax credit	Relief crediting qualifying foreign tax subject to applicable limits	With specified Indian tax Rs 30,000 on the same income and qualifying foreign tax Rs 20,000, a stated capped-credit method permits Rs 20,000 credit.	Under that stated cap, the credit must be Rs 50,000 by adding both taxes.
Transfer pricing	Pricing related-party transactions under applicable arm's-length rules	Related parties cannot assume that any mutually agreed price is automatically arm's length.	Agreement between associated enterprises alone proves every transaction price is arm's length.
Comparable uncontrolled price	An arm's-length method comparing relevant controlled and uncontrolled prices	Meaningful comparability and suitable adjustments matter when using an uncontrolled price benchmark.	Any unrelated transaction price is automatically comparable regardless of product terms and market conditions.
Resale price method	An arm's-length method starting from resale price and an appropriate gross margin	The resale-price method focuses on an appropriate gross resale margin rather than simply adding a production markup to the supplier's cost.	Resale-price method is identical to adding a markup to manufacturing cost without considering resale price.
Cost plus method	An arm's-length method adding an appropriate gross markup to relevant costs	Cost-base comparability and the appropriate markup both matter.	The cost-plus method uses any arbitrary markup without examining comparable functions or costs.
Transactional net margin method	An arm's-length method examining a relevant net profit indicator	TNMM examines a suitable net-margin indicator and comparability rather than treating every firm's gross margin as interchangeable.	TNMM necessarily compares only gross resale margins and never net profit indicators.
TDS	Tax deducted at source from specified payments under applicable rules	TDS can be a prepaid-tax credit rather than a separate additional final tax on the same income.	TDS must always be added on top of final tax without giving the recipient any applicable credit.
TCS	Tax collected at source on specified transactions under applicable rules	TCS is distinguished from TDS by the applicable collection mechanism and transaction rather than the words being interchangeable.	TDS and TCS necessarily describe the exact same mechanism for every transaction.
Advance tax	Payment of estimated tax liability during the relevant income period under the applicable rules	Advance-tax calculations consider applicable credits and instalment rules rather than waiting automatically until every return is filed.	Advance tax is by definition paid only after final assessment has concluded.
Self-assessment tax	Tax paid toward remaining liability when completing the relevant return computation	If specified final tax is Rs 50,000 and available prepaid credits Rs 35,000, remaining tax is Rs 15,000 before any other stated adjustments.	The same values require Rs 85,000 remaining tax by adding the credits to final liability.
E-filing	Electronic filing of tax-return information with applicable verification requirements	Uploading a return and completing required verification are distinct compliance steps.	Uploading a return file always completes every verification requirement automatically.
